-- phpMyAdmin SQL Dump
-- version 5.2.1
-- https://www.phpmyadmin.net/
--
-- Host: 127.0.0.1
-- Tempo de geração: 19/12/2025 às 01:22
-- Versão do servidor: 10.4.32-MariaDB
-- Versão do PHP: 8.2.12

SET SQL_MODE = "NO_AUTO_VALUE_ON_ZERO";
START TRANSACTION;
SET time_zone = "+00:00";


/*!40101 SET @OLD_CHARACTER_SET_CLIENT=@@CHARACTER_SET_CLIENT */;
/*!40101 SET @OLD_CHARACTER_SET_RESULTS=@@CHARACTER_SET_RESULTS */;
/*!40101 SET @OLD_COLLATION_CONNECTION=@@COLLATION_CONNECTION */;
/*!40101 SET NAMES utf8mb4 */;

--
-- Banco de dados: `hospicard_adminpainel`
--

-- --------------------------------------------------------

--
-- Estrutura para tabela `clientes`
--

CREATE TABLE `clientes` (
  `id` int(11) NOT NULL,
  `nome` varchar(255) NOT NULL,
  `rg` varchar(20) NOT NULL,
  `cpf` varchar(20) NOT NULL,
  `nome_pai` varchar(255) NOT NULL,
  `nome_mae` varchar(255) NOT NULL,
  `data_nascimento` date NOT NULL,
  `endereco` varchar(255) NOT NULL,
  `cidade` varchar(100) NOT NULL,
  `estado` varchar(50) NOT NULL,
  `estado_civil` varchar(50) NOT NULL,
  `profissao_trabalho` varchar(255) NOT NULL,
  `telefone` varchar(20) NOT NULL,
  `plano` varchar(20) NOT NULL,
  `forma_pagamento` varchar(50) NOT NULL,
  `data_cadastro` timestamp NULL DEFAULT current_timestamp()
) ENGINE=InnoDB DEFAULT CHARSET=utf8mb4 COLLATE=utf8mb4_general_ci;

--
-- Despejando dados para a tabela `clientes`
--

INSERT INTO `clientes` (`id`, `nome`, `rg`, `cpf`, `nome_pai`, `nome_mae`, `data_nascimento`, `endereco`, `cidade`, `estado`, `estado_civil`, `profissao_trabalho`, `telefone`, `plano`, `forma_pagamento`, `data_cadastro`) VALUES
(43, 'wesley', '454', '654654', 'teste', 'teste', '2025-01-01', 'Antonio santim', 'Marau', 'RS', 'Solteiro(a)', 'analista de ti', '54991839316', 'Categoria MASTER (Ac', 'PIX', '2025-12-18 22:42:59'),
(44, 'WESLEY BARBARO', '313133', '1231313131', 'WESLEY BARBARO', 'WESLEY BARBARO', '2025-12-18', 'Antonio santim', 'Marau', 'RS', 'Solteiro(a)', 'analista de ti', '54991839316', 'Categoria MASTER (Ac', 'Boleto - 12x Parcelas', '2025-12-18 23:53:52');

-- --------------------------------------------------------

--
-- Estrutura para tabela `especialidades`
--

CREATE TABLE `especialidades` (
  `id` int(11) NOT NULL,
  `nome` varchar(100) NOT NULL,
  `slug` varchar(100) NOT NULL,
  `descricao` text DEFAULT NULL,
  `ativo` tinyint(1) DEFAULT 1,
  `ordem` int(11) DEFAULT 0,
  `created_at` timestamp NOT NULL DEFAULT current_timestamp(),
  `updated_at` timestamp NOT NULL DEFAULT current_timestamp() ON UPDATE current_timestamp()
) ENGINE=InnoDB DEFAULT CHARSET=utf8mb4 COLLATE=utf8mb4_unicode_ci;

--
-- Despejando dados para a tabela `especialidades`
--

INSERT INTO `especialidades` (`id`, `nome`, `slug`, `descricao`, `ativo`, `ordem`, `created_at`, `updated_at`) VALUES
(1, 'Anestesista', 'Anestesista', NULL, 1, 1, '2025-12-17 18:51:10', '2025-12-17 18:51:10'),
(2, 'Cirurgião Bucomaxilofacial', 'Bucomaxilofacial', NULL, 1, 2, '2025-12-17 18:51:10', '2025-12-17 18:51:10'),
(3, 'Cardiologista', 'Cardiologista', NULL, 1, 3, '2025-12-17 18:51:10', '2025-12-17 18:51:10'),
(4, 'Clínica Médica e Infectologia', 'ClinicaMedicaInfectologia', NULL, 1, 4, '2025-12-17 18:51:10', '2025-12-17 18:51:10'),
(5, 'Clínico Geral', 'ClinicoGeral', NULL, 1, 5, '2025-12-17 18:51:10', '2025-12-17 18:51:10'),
(6, 'Cirurgia Geral / Aparelho Digestivo', 'CirurgiaGeral', NULL, 1, 6, '2025-12-17 18:51:10', '2025-12-17 18:51:10'),
(7, 'Cirurgião Torácico', 'CirurgiaToracica', NULL, 1, 7, '2025-12-17 18:51:10', '2025-12-17 18:51:10'),
(8, 'Cirurgia Vascular', 'CirurgiaVascular', NULL, 1, 8, '2025-12-17 18:51:10', '2025-12-17 18:51:10'),
(9, 'Cirurgia Plástica', 'CirurgiaPlastica', NULL, 1, 9, '2025-12-17 18:51:10', '2025-12-17 18:51:10'),
(10, 'Depilação e Estética', 'Estetica', NULL, 1, 10, '2025-12-17 18:51:10', '2025-12-17 18:51:10'),
(11, 'Dentista', 'Dentista', NULL, 1, 11, '2025-12-17 18:51:10', '2025-12-17 18:51:10'),
(12, 'Dermatologista', 'Dermatologista', NULL, 1, 12, '2025-12-17 18:51:10', '2025-12-17 18:51:10'),
(13, 'Medicina Estética', 'MedicinaEstetica', NULL, 1, 13, '2025-12-17 18:51:10', '2025-12-17 18:51:10'),
(14, 'Endocrinologista', 'Endocrinologista', NULL, 1, 14, '2025-12-17 18:51:10', '2025-12-17 18:51:10'),
(15, 'Fonoaudióloga', 'Fonoaudiologia', NULL, 1, 15, '2025-12-17 18:51:10', '2025-12-17 18:51:10'),
(16, 'Fisioterapia', 'Fisioterapia', NULL, 1, 16, '2025-12-17 18:51:10', '2025-12-17 18:51:10'),
(17, 'Ginecologia e Obstetrícia', 'GinecologiaObstetricia', NULL, 1, 17, '2025-12-17 18:51:10', '2025-12-17 18:51:10'),
(18, 'Gastroenterologista', 'Gastroenterologista', NULL, 1, 18, '2025-12-17 18:51:10', '2025-12-17 18:51:10'),
(19, 'Hematologista', 'Hematologista', NULL, 1, 19, '2025-12-17 18:51:10', '2025-12-17 18:51:10'),
(20, 'Mastologista', 'Mastologista', NULL, 1, 20, '2025-12-17 18:51:10', '2025-12-17 18:51:10'),
(21, 'Nutricionista', 'Nutricionista', NULL, 1, 21, '2025-12-17 18:51:10', '2025-12-17 18:51:10'),
(22, 'Nefrologista', 'Nefrologista', NULL, 1, 22, '2025-12-17 18:51:10', '2025-12-17 18:51:10'),
(23, 'Neurologista', 'Neurologista', NULL, 1, 23, '2025-12-17 18:51:10', '2025-12-17 18:51:10'),
(24, 'Neuropsicopedagoga', 'Neuropsicopedagoga', NULL, 1, 24, '2025-12-17 18:51:10', '2025-12-17 18:51:10'),
(25, 'Oftalmologista', 'Oftalmologista', NULL, 1, 25, '2025-12-17 18:51:10', '2025-12-17 18:51:10'),
(26, 'Otorrinolaringologista', 'Otorrinolaringologista', NULL, 1, 26, '2025-12-17 18:51:10', '2025-12-17 18:51:10'),
(27, 'Pediatra', 'Pediatria', NULL, 1, 27, '2025-12-17 18:51:10', '2025-12-17 18:51:10'),
(28, 'Psiquiatra', 'Psiquiatria', NULL, 1, 28, '2025-12-17 18:51:10', '2025-12-17 18:51:10'),
(29, 'Pneumologista', 'Pneumologista', NULL, 1, 29, '2025-12-17 18:51:10', '2025-12-17 18:51:10'),
(30, 'Proctologista', 'Proctologista', NULL, 1, 30, '2025-12-17 18:51:10', '2025-12-17 18:51:10'),
(31, 'Psicologia', 'Psicologia', NULL, 1, 31, '2025-12-17 18:51:10', '2025-12-17 18:51:10'),
(32, 'Podóloga', 'Podologa', NULL, 1, 32, '2025-12-17 18:51:10', '2025-12-17 18:51:10'),
(33, 'Reumatologista', 'Reumatologista', NULL, 1, 33, '2025-12-17 18:51:10', '2025-12-17 18:51:10'),
(34, 'Traumatologia', 'Traumatologia', NULL, 1, 34, '2025-12-17 18:51:10', '2025-12-17 18:51:10'),
(35, 'Urologista', 'Urologista', NULL, 1, 35, '2025-12-17 18:51:10', '2025-12-17 18:51:10'),
(36, 'Análises Clínicas', 'AnalisesClinicas', NULL, 1, 36, '2025-12-17 18:51:10', '2025-12-17 18:51:10'),
(37, 'Radiologia Odontológica', 'RadiologiaOdontologica', NULL, 1, 37, '2025-12-17 18:51:10', '2025-12-17 18:51:10'),
(38, 'Soluções Auditivas', 'SolucoesAuditivas', NULL, 1, 38, '2025-12-17 18:51:10', '2025-12-17 18:51:10'),
(39, 'Medicina Chinesa, Acupuntura Bioenergética', 'MedicinaChinesa', NULL, 1, 39, '2025-12-17 18:51:10', '2025-12-17 18:51:10'),
(40, 'Reiki', 'Reiki', NULL, 1, 40, '2025-12-17 18:51:10', '2025-12-17 18:51:10'),
(41, 'Terapia com Florais de Back', 'TerapiaFlorais', NULL, 1, 41, '2025-12-17 18:51:10', '2025-12-17 18:51:10'),
(42, 'Massagem com Pedras Quentes', 'PedrasQuentes', NULL, 1, 42, '2025-12-17 18:51:10', '2025-12-17 18:51:10');

-- --------------------------------------------------------

--
-- Estrutura para tabela `profissionais`
--

CREATE TABLE `profissionais` (
  `id` int(11) NOT NULL,
  `especialidade_id` int(11) NOT NULL,
  `nome` varchar(200) NOT NULL,
  `telefone` varchar(20) NOT NULL,
  `imagem` varchar(255) DEFAULT NULL,
  `observacoes` text DEFAULT NULL,
  `ativo` tinyint(1) DEFAULT 1,
  `created_at` timestamp NOT NULL DEFAULT current_timestamp(),
  `updated_at` timestamp NOT NULL DEFAULT current_timestamp() ON UPDATE current_timestamp()
) ENGINE=InnoDB DEFAULT CHARSET=utf8mb4 COLLATE=utf8mb4_unicode_ci;

--
-- Despejando dados para a tabela `profissionais`
--

INSERT INTO `profissionais` (`id`, `especialidade_id`, `nome`, `telefone`, `imagem`, `observacoes`, `ativo`, `created_at`, `updated_at`) VALUES
(2, 36, 'teste', '6465465', NULL, '', 1, '2025-12-17 19:33:53', '2025-12-17 19:33:53'),
(3, 1, 'OLINTO ADOLFO DOS SANTOS', '(54) 99168-7255', NULL, NULL, 1, '2025-12-17 23:54:45', '2025-12-17 23:54:45'),
(4, 1, 'CLINICA FORESTI', '(54) 9165-7995', NULL, NULL, 1, '2025-12-17 23:54:45', '2025-12-17 23:54:45'),
(5, 3, 'PEDRO IVO BITTENCOURT SANTANA', '(54) 3342-9414', NULL, NULL, 1, '2025-12-17 23:54:45', '2025-12-17 23:54:45'),
(6, 3, 'CRISTIANE SEIBEL', '(54) 3342-6808', NULL, NULL, 1, '2025-12-17 23:54:45', '2025-12-17 23:54:45'),
(7, 3, 'HELOISA D AGUSTIN POLI', '(54) 3342-3455', NULL, NULL, 1, '2025-12-17 23:54:45', '2025-12-17 23:54:45'),
(8, 3, 'JUAN NUNES PAGNUSSAT', '(54) 3342-9414', NULL, NULL, 1, '2025-12-17 23:54:45', '2025-12-17 23:54:45'),
(9, 3, 'JULIANA NOSKOSKI', '(54) 3342-2022', NULL, NULL, 1, '2025-12-17 23:54:45', '2025-12-17 23:54:45'),
(10, 5, 'CARLOS SEIBEL', '(54) 3342-6808', NULL, NULL, 1, '2025-12-17 23:54:45', '2025-12-17 23:54:45'),
(11, 5, 'DIVANE LODI', '(54) 99105-0664', NULL, NULL, 1, '2025-12-17 23:54:45', '2025-12-17 23:54:45'),
(12, 5, 'EGLE ANDRÉ PINTO DE ALMEIDA', '(54) 3342-9400', NULL, NULL, 1, '2025-12-17 23:54:45', '2025-12-17 23:54:45'),
(13, 5, 'MARIANE SETTI DAMBROS - ÊNFASE EM SAÚDE MENTAL', '(54) 99319-7214', NULL, NULL, 1, '2025-12-17 23:54:45', '2025-12-17 23:54:45'),
(14, 5, 'HENRIQUE TESSARO', '(54) 3342-9414', NULL, NULL, 1, '2025-12-17 23:54:45', '2025-12-17 23:54:45'),
(15, 5, 'VANESSA ROMAN BALDISSEROTO', '(54) 99652-3878', NULL, NULL, 1, '2025-12-17 23:54:45', '2025-12-17 23:54:45'),
(16, 5, 'CLAUDIO FERNANDO FELTRIN', '(54) 3342-9414', NULL, NULL, 1, '2025-12-17 23:54:45', '2025-12-17 23:54:45'),
(17, 5, 'CLINICA PLENA CASCA - SISSIANE ESCOBAR D SOUZA', '(54) 3347-2425', NULL, NULL, 1, '2025-12-17 23:54:45', '2025-12-17 23:54:45'),
(18, 5, 'CLINICA PLENA CASCA - THIAGO BORDIGNON', '(54) 3347-2425', NULL, NULL, 1, '2025-12-17 23:54:45', '2025-12-17 23:54:45'),
(19, 5, 'JEFFERSON CUNHA', '(54) 3175-0095', NULL, NULL, 1, '2025-12-17 23:54:45', '2025-12-17 23:54:45'),
(20, 5, 'GABRIEL SELLA', '(54) 3342-9414', NULL, NULL, 1, '2025-12-17 23:54:45', '2025-12-17 23:54:45'),
(21, 5, 'SANDRINI REGINA BASSO', '(54) 99970-7116', NULL, NULL, 1, '2025-12-17 23:54:45', '2025-12-17 23:54:45'),
(22, 5, 'KARINA LIMA MIGLIORINI', '(54) 992694627', NULL, NULL, 1, '2025-12-17 23:54:45', '2025-12-17 23:54:45'),
(23, 5, 'BIANCA THAÍS SCHNEIDER - CENTRO CLINICO SINGULAR', '(54) 996523878', NULL, NULL, 1, '2025-12-17 23:54:45', '2025-12-17 23:54:45'),
(24, 5, 'VANESSA ROMAN BALDISSEROTO', '(54) 99129-8000', NULL, NULL, 1, '2025-12-17 23:54:45', '2025-12-17 23:54:45'),
(25, 5, 'RAFAELA DOLZAN MACHADO - CENTRO CLINICO SINGULAR', '(54) 996523878', NULL, NULL, 1, '2025-12-17 23:54:45', '2025-12-17 23:54:45'),
(26, 5, 'CASSIUS FURTADO - CLÍNICA VIVAZ', '(54) 99164-8495', NULL, NULL, 1, '2025-12-17 23:54:45', '2025-12-17 23:54:45'),
(27, 5, 'VALÉRIA DA SILVA ZORZI - CENTRO CLINICO SINGULAR', '(54) 996523878', NULL, NULL, 1, '2025-12-17 23:54:45', '2025-12-17 23:54:45'),
(28, 5, 'ROBERTO KRUEGER', '(54) 3342-2828', NULL, NULL, 1, '2025-12-17 23:54:45', '2025-12-17 23:54:45'),
(29, 8, 'JOSÉ MISSIO', '(54) 3342-9414', NULL, NULL, 1, '2025-12-17 23:54:45', '2025-12-17 23:54:45'),
(30, 8, 'JABER SALET', '(54) 3342-9426', NULL, NULL, 1, '2025-12-17 23:54:45', '2025-12-17 23:54:45'),
(31, 9, 'HENRIQUE BIAVATTI', '(54) 98403-0808', NULL, NULL, 1, '2025-12-17 23:54:45', '2025-12-17 23:54:45'),
(32, 9, 'TOMAS BERGONSI', '(54) 3342-1729', NULL, NULL, 1, '2025-12-17 23:54:45', '2025-12-17 23:54:45'),
(33, 9, 'CLEITON VITORIA ALAM', '(54) 3342-3756', NULL, NULL, 1, '2025-12-17 23:54:45', '2025-12-17 23:54:45'),
(34, 11, 'CLINICA DENVITA - DRA ESTHER ZANIN', '(54) 3342-9890', NULL, NULL, 1, '2025-12-17 23:54:45', '2025-12-17 23:54:45'),
(35, 11, 'CLINICA DENVITA - DR ADEMAR WASKIEVICZ', '(54) 3342-9890', NULL, NULL, 1, '2025-12-17 23:54:45', '2025-12-17 23:54:45'),
(36, 11, 'CLINICA DR DOUGLAS TIBOLLA', '(54) 3342-8328', NULL, NULL, 1, '2025-12-17 23:54:45', '2025-12-17 23:54:45'),
(37, 11, 'ODONTOCELL - DRA THAIS CRISTIANE TOSATTI CELLA', '(54) 99143-4458', NULL, NULL, 1, '2025-12-17 23:54:45', '2025-12-17 23:54:45'),
(38, 11, 'DENTAL MED', '(54) 3342-1967', NULL, NULL, 1, '2025-12-17 23:54:45', '2025-12-17 23:54:45'),
(39, 11, 'DEBORA FERLIN', '(54) 3342-3118', NULL, NULL, 1, '2025-12-17 23:54:45', '2025-12-17 23:54:45'),
(40, 11, 'DUAL ODONTOLOGIA ESTÉTICA', '(54) 99233-8215', NULL, NULL, 1, '2025-12-17 23:54:45', '2025-12-17 23:54:45'),
(41, 11, 'CP ODONTOLOGIA ESPECIALIZADA', '(54) 3342-5740', NULL, NULL, 1, '2025-12-17 23:54:45', '2025-12-17 23:54:45'),
(42, 11, 'DENZATO ODONTOLOGIA E SAÚDE', '(54) 99994-9080', NULL, NULL, 1, '2025-12-17 23:54:45', '2025-12-17 23:54:45'),
(43, 11, 'FLUENS ORAL CLINIC', '(54) 99906-9078', NULL, NULL, 1, '2025-12-17 23:54:45', '2025-12-17 23:54:45'),
(44, 12, 'CAMILA COUTINHO', '(54) 98418-7813', NULL, NULL, 1, '2025-12-17 23:54:45', '2025-12-17 23:54:45'),
(45, 12, 'ADINES NARDI', '(54) 3342-3756', NULL, NULL, 1, '2025-12-17 23:54:45', '2025-12-17 23:54:45'),
(46, 12, 'GIOVANA BINDA', '(54) 98414-9981', NULL, NULL, 1, '2025-12-17 23:54:45', '2025-12-17 23:54:45'),
(47, 12, 'JONATHAN PRESSOTO', '(54) 3342-2022', NULL, NULL, 1, '2025-12-17 23:54:45', '2025-12-17 23:54:45'),
(48, 13, 'ODAIR NARDI', '(54) 3342-3756', NULL, NULL, 1, '2025-12-17 23:54:45', '2025-12-17 23:54:45'),
(49, 14, 'JOÃO BATISTA BEN', '(54) 3342-3057', NULL, NULL, 1, '2025-12-17 23:54:45', '2025-12-17 23:54:45'),
(50, 14, 'JUAN NUNES PAGNUSSAT', '(54) 3342-9414', NULL, NULL, 1, '2025-12-17 23:54:45', '2025-12-17 23:54:45'),
(51, 14, 'KARINA RUCKER', '(54) 3342-2022', NULL, NULL, 1, '2025-12-17 23:54:45', '2025-12-17 23:54:45'),
(52, 16, 'BEM ESTAR CLINIC', '(54) 99637-1427', NULL, NULL, 1, '2025-12-17 23:54:45', '2025-12-17 23:54:45'),
(53, 16, 'POSTURALLY MARAU - ALINE TONIAL', '(54) 999238094', NULL, NULL, 1, '2025-12-17 23:54:45', '2025-12-17 23:54:45'),
(54, 16, 'EVOLUE FISIOTERAPIA E PILATES', '(54) 996450484', NULL, NULL, 1, '2025-12-17 23:54:45', '2025-12-17 23:54:45'),
(55, 16, 'NAISSA SOARES', '(54) 9153-0076', NULL, NULL, 1, '2025-12-17 23:54:45', '2025-12-17 23:54:45'),
(56, 16, 'ANGELA GANZER GAZOLA', '(54) 999550485', NULL, NULL, 1, '2025-12-17 23:54:45', '2025-12-17 23:54:45'),
(57, 16, 'THAIS ZANUZZO', '(54) 9164-1840', NULL, NULL, 1, '2025-12-17 23:54:45', '2025-12-17 23:54:45'),
(58, 16, 'TRATTARE CLINICA DE FISIOTERAPIA', '(54) 3342-0999', NULL, NULL, 1, '2025-12-17 23:54:45', '2025-12-17 23:54:45'),
(59, 16, 'FISIO DERM CLINICA DE FISIOTERAPIA', '(54) 3342-2936', NULL, NULL, 1, '2025-12-17 23:54:45', '2025-12-17 23:54:45'),
(60, 16, 'GABRIELA DURANTE', '(54) 98422-1849', NULL, NULL, 1, '2025-12-17 23:54:45', '2025-12-17 23:54:45'),
(61, 16, 'CLINICA BEDIN', '(54) 99683-5502', NULL, NULL, 1, '2025-12-17 23:54:45', '2025-12-17 23:54:45'),
(62, 17, 'LILIAN OPELT DONIN', '(54) 99973-7886', NULL, NULL, 1, '2025-12-17 23:54:45', '2025-12-17 23:54:45'),
(63, 17, 'ANA CAROLINA BROCCO', '(54) 99628-5836', NULL, NULL, 1, '2025-12-17 23:54:45', '2025-12-17 23:54:45'),
(64, 17, 'ALESSANDRO LUIS REGINATO', '(54) 3342-3756', NULL, NULL, 1, '2025-12-17 23:54:45', '2025-12-17 23:54:45'),
(65, 17, 'CRISTIANE FACCIO', '(54) 3342-4477', NULL, NULL, 1, '2025-12-17 23:54:45', '2025-12-17 23:54:45'),
(66, 17, 'FRANCISCO ITIEL ROMERO', '(54) 3342-9414', NULL, NULL, 1, '2025-12-17 23:54:45', '2025-12-17 23:54:45'),
(67, 17, 'LEANDRO BORTOLON', '(54) 3342-1743', NULL, NULL, 1, '2025-12-17 23:54:45', '2025-12-17 23:54:45'),
(68, 17, 'HILDA CERATO', '(54) 3342-1590', NULL, NULL, 1, '2025-12-17 23:54:45', '2025-12-17 23:54:45'),
(69, 17, 'SILVANE RIGO', '(54) 3342-9435', NULL, NULL, 1, '2025-12-17 23:54:45', '2025-12-17 23:54:45'),
(70, 17, 'EVERALDO MANOEL TONATTO', '(54) 3342-8179', NULL, NULL, 1, '2025-12-17 23:54:45', '2025-12-17 23:54:45'),
(71, 17, 'JULIANA LORENZINI NOSKOSKI', '(54) 3342-2022', NULL, NULL, 1, '2025-12-17 23:54:45', '2025-12-17 23:54:45'),
(72, 18, 'DIEGO MATTIONI MATURANA', '(54) 3342-9414', NULL, NULL, 1, '2025-12-17 23:54:45', '2025-12-17 23:54:45'),
(73, 18, 'RAFAELA LAZZARI PIETROSKI', '(54) 3342-9414', NULL, NULL, 1, '2025-12-17 23:54:45', '2025-12-17 23:54:45'),
(74, 18, 'MATHEO CASAGRANDE', '(54) 99269-8006', NULL, NULL, 1, '2025-12-17 23:54:45', '2025-12-17 23:54:45'),
(75, 18, 'MILTON BERGAMO', '(54) 99269-8006', NULL, NULL, 1, '2025-12-17 23:54:45', '2025-12-17 23:54:45'),
(76, 18, 'JOSÉ MARIA TITO', '(54) 3342-9499', NULL, NULL, 1, '2025-12-17 23:54:45', '2025-12-17 23:54:45'),
(77, 19, 'WILLIAM SCHEFFER CHAVES', '(54) 3342-9414', NULL, NULL, 1, '2025-12-17 23:54:45', '2025-12-17 23:54:45'),
(78, 20, 'LIEGE GRAEBIN', '(54) 3342-9414', NULL, NULL, 1, '2025-12-17 23:54:45', '2025-12-17 23:54:45'),
(79, 21, 'ANA DANIELA CARNIELETTO', '(54) 99124-8517', NULL, NULL, 1, '2025-12-17 23:54:45', '2025-12-17 23:54:45'),
(80, 21, 'LUANA XAVIER', '(54) 9907-6366', NULL, NULL, 1, '2025-12-17 23:54:45', '2025-12-17 23:54:45'),
(81, 21, 'GABRIELA MEZZOMO DO NASCIMENTO', '(54) 99616-0041', NULL, NULL, 1, '2025-12-17 23:54:45', '2025-12-17 23:54:45'),
(82, 21, 'ANGELA MARIA BERTON', '(54) 99148-4807', NULL, NULL, 1, '2025-12-17 23:54:45', '2025-12-17 23:54:45'),
(83, 21, 'CRISTIANE LEAL SCORTEGAGNA', '(54) 996734180', NULL, NULL, 1, '2025-12-17 23:54:45', '2025-12-17 23:54:45'),
(84, 21, 'JÚLIA RIGO', '(54) 991479082', NULL, NULL, 1, '2025-12-17 23:54:45', '2025-12-17 23:54:45'),
(85, 21, 'LISIANE VECCHI', '(54) 99914-3878', NULL, NULL, 1, '2025-12-17 23:54:45', '2025-12-17 23:54:45'),
(86, 21, 'THAIYNA SCORTEGAGNA DE MORAIS', '(54) 99647-9956', NULL, NULL, 1, '2025-12-17 23:54:45', '2025-12-17 23:54:45'),
(87, 22, 'GIOVANNA BELO SARTURI', '(54) 3342-9414', NULL, NULL, 1, '2025-12-17 23:54:45', '2025-12-17 23:54:45'),
(88, 23, 'PAULO MESQUITA FILHO', '(54) 3342-9414', NULL, NULL, 1, '2025-12-17 23:54:45', '2025-12-17 23:54:45'),
(89, 23, 'RICARDO L. BORTOLUZ', '(54) 3342-9414', NULL, NULL, 1, '2025-12-17 23:54:45', '2025-12-17 23:54:45'),
(90, 24, 'JOSIANE DE FÁTIMA UGGERI - CENTRO CLINICO SINGULAR', '(54) 996523878', NULL, NULL, 1, '2025-12-17 23:54:45', '2025-12-17 23:54:45'),
(91, 24, 'JANINE HOFFMANN - ESTAR CLINICA SAUDE INTEGRATIVA', '(54) 99914-0246', NULL, NULL, 1, '2025-12-17 23:54:45', '2025-12-17 23:54:45'),
(92, 25, 'BYANCA FORESTI', '(54) 99129-7990', NULL, NULL, 1, '2025-12-17 23:54:45', '2025-12-17 23:54:45'),
(93, 25, 'MANFRON OFTALMOLOGIA', '(54) 99238-6116', NULL, NULL, 1, '2025-12-17 23:54:45', '2025-12-17 23:54:45'),
(94, 25, 'THAISE FEDERIZZI', '(54) 3342-0713', NULL, NULL, 1, '2025-12-17 23:54:45', '2025-12-17 23:54:45'),
(95, 26, 'ERIK XAVIER DA SILVA PINTO', '(54) 3342-1565', NULL, NULL, 1, '2025-12-17 23:54:45', '2025-12-17 23:54:45'),
(96, 26, 'TATIANI YAMAMOTO', '(54) 93505-9404', NULL, NULL, 1, '2025-12-17 23:54:45', '2025-12-17 23:54:45'),
(97, 26, 'MARIELE BRESSAN', '(54) 3046-1010', NULL, NULL, 1, '2025-12-17 23:54:45', '2025-12-17 23:54:45'),
(98, 29, 'RAFAEL PANOSSO CADORE', '(54) 3342-9414', NULL, NULL, 1, '2025-12-17 23:54:45', '2025-12-17 23:54:45'),
(99, 29, 'VITOR HUGO SOUZA SANTOS', '(54) 3342-9414', NULL, NULL, 1, '2025-12-17 23:54:45', '2025-12-17 23:54:45'),
(100, 29, 'JOÃO ISIDRO FRACASSO', '(54) 3342-9414', NULL, NULL, 1, '2025-12-17 23:54:45', '2025-12-17 23:54:45'),
(101, 30, 'MILTON BERGAMO', '(54) 99269-8006', NULL, NULL, 1, '2025-12-17 23:54:45', '2025-12-17 23:54:45'),
(102, 30, 'JOSÉ MARIA TITO', '(54) 3342-9499', NULL, NULL, 1, '2025-12-17 23:54:45', '2025-12-17 23:54:45'),
(103, 31, 'NATANAEL DE AVILA DE PAULA', '(54) 99634-1466', NULL, NULL, 1, '2025-12-17 23:54:45', '2025-12-17 23:54:45'),
(104, 31, 'LUDIKA CENTRO DE DESENVOLVIMENTO HUMANO', '(54) 99965-0614', NULL, NULL, 1, '2025-12-17 23:54:45', '2025-12-17 23:54:45'),
(105, 31, 'MICHELI BORELLI - NOVA ALVORADA', '(54) 99194-2355', NULL, NULL, 1, '2025-12-17 23:54:45', '2025-12-17 23:54:45'),
(106, 31, 'NATALIA BOFF', '(54) 99702-1998', NULL, NULL, 1, '2025-12-17 23:54:45', '2025-12-17 23:54:45'),
(107, 31, 'GÉSSICA ZARDO - MARAU CLINICA VIVAZ, ONLINE OU PRESENCIAL EM CAMARGO', '(54) 99628-4038', NULL, NULL, 1, '2025-12-17 23:54:45', '2025-12-17 23:54:45'),
(108, 31, 'AUGUSTO BEBBER MARRONI', '(54) 9664-5530', NULL, NULL, 1, '2025-12-17 23:54:45', '2025-12-17 23:54:45'),
(109, 31, 'ALINE BASSO', '(54) 9655-8010', NULL, NULL, 1, '2025-12-17 23:54:45', '2025-12-17 23:54:45'),
(110, 31, 'ELIANE MARIA BIFFE', '(54) 9621-6539', NULL, NULL, 1, '2025-12-17 23:54:45', '2025-12-17 23:54:45'),
(111, 31, 'EDIMARA ANA PAGOTO', '(54) 999141670', NULL, NULL, 1, '2025-12-17 23:54:45', '2025-12-17 23:54:45'),
(112, 31, 'NATIELI BERGAMASCHI', '(54) 99193-2027', NULL, NULL, 1, '2025-12-17 23:54:45', '2025-12-17 23:54:45'),
(113, 31, 'THANISE FERNANDES', '(54) 8443-1160', NULL, NULL, 1, '2025-12-17 23:54:45', '2025-12-17 23:54:45'),
(114, 31, 'FRANCIELI SOTILLE BRUGNERA', '(54) 9633-3249', NULL, NULL, 1, '2025-12-17 23:54:45', '2025-12-17 23:54:45'),
(115, 31, 'PAULA CARLISNKI', '(54) 99927-3376', NULL, NULL, 1, '2025-12-17 23:54:45', '2025-12-17 23:54:45'),
(116, 31, 'ANA PAULA DEON', '(54) 99710-0386', NULL, NULL, 1, '2025-12-17 23:54:45', '2025-12-17 23:54:45'),
(117, 31, 'KARINE ALBERTI DE OLIVEIRA', '(54) 99696-8009', NULL, NULL, 1, '2025-12-17 23:54:45', '2025-12-17 23:54:45'),
(118, 31, 'MEIRE TOMASI', '(54) 99939-9139', NULL, NULL, 1, '2025-12-17 23:54:45', '2025-12-17 23:54:45'),
(119, 31, 'MARIA LUISA GUZELA', '(54) 9928-3398', NULL, NULL, 1, '2025-12-17 23:54:45', '2025-12-17 23:54:45'),
(120, 31, 'LILIAN STOLFO MACULAN RETTORE', '(54) 99978-4337', NULL, NULL, 1, '2025-12-17 23:54:45', '2025-12-17 23:54:45'),
(121, 31, 'MAYARA LARICE DE SOUSA OLIVEIRA', '(54) 99116-9590', NULL, NULL, 1, '2025-12-17 23:54:45', '2025-12-17 23:54:45'),
(122, 31, 'NATACHA LIANA GATTO', '(54) 99159-5506', NULL, NULL, 1, '2025-12-17 23:54:45', '2025-12-17 23:54:45'),
(123, 31, 'GISELI VARIANI', '(54) 999878590', NULL, NULL, 1, '2025-12-17 23:54:45', '2025-12-17 23:54:45'),
(124, 31, 'MARCELLE CALDEIRA', '(54) 996408174', NULL, NULL, 1, '2025-12-17 23:54:45', '2025-12-17 23:54:45'),
(125, 31, 'CARLA J. STUMPF', '(54) 99606-7162', NULL, NULL, 1, '2025-12-17 23:54:45', '2025-12-17 23:54:45'),
(126, 31, 'JOSSANDRA BELUSSO', '(54) 99115-0288', NULL, NULL, 1, '2025-12-17 23:54:45', '2025-12-17 23:54:45'),
(127, 31, 'ALANA BRANDELERO PORTO', '(54) 99903-5782', NULL, NULL, 1, '2025-12-17 23:54:45', '2025-12-17 23:54:45'),
(128, 31, 'RAQUEL VIRGINIA MOREIRA', '(54) 99698-2275', NULL, NULL, 1, '2025-12-17 23:54:45', '2025-12-17 23:54:45'),
(129, 31, 'CASSIA BONAMIGO DA COSTA', '(54) 99989-2663', NULL, NULL, 1, '2025-12-17 23:54:45', '2025-12-17 23:54:45'),
(130, 31, 'GABRIELA HENNIG BORDIGNON', '(54) 99617-9737', NULL, NULL, 1, '2025-12-17 23:54:45', '2025-12-17 23:54:45'),
(131, 31, 'FRANCIELE BORDIN', '(54) 999952178', NULL, NULL, 1, '2025-12-17 23:54:45', '2025-12-17 23:54:45'),
(132, 31, 'KEILA MARIA TREMEA', '(54) 991587287', NULL, NULL, 1, '2025-12-17 23:54:45', '2025-12-17 23:54:45'),
(133, 31, 'EDELVAN JOSÉ GIRARDI - CENTRO CLINICO SINGULAR', '(54) 996523878', NULL, NULL, 1, '2025-12-17 23:54:45', '2025-12-17 23:54:45'),
(134, 31, 'GLAÚCIA BALBINOT - CENTRO CLINICO SINGULAR', '(54) 996523878', NULL, NULL, 1, '2025-12-17 23:54:45', '2025-12-17 23:54:45'),
(135, 31, 'CÍCERO MOTA OLIVEIRA - CENTRO CLINICO SINGULAR', '(54) 996523878', NULL, NULL, 1, '2025-12-17 23:54:45', '2025-12-17 23:54:45'),
(136, 31, 'EVOLUIR CLÍNICA MULTIDISCIPLINAR LTDA', '(54) 99196-4353', NULL, NULL, 1, '2025-12-17 23:54:45', '2025-12-17 23:54:45'),
(137, 31, 'THALIA CAMARGO DA SILVEIRA', '(54) 99244-9049', NULL, NULL, 1, '2025-12-17 23:54:45', '2025-12-17 23:54:45'),
(138, 31, 'GESIANE POTER FRIZÃO', '(54) 99927-4971', NULL, NULL, 1, '2025-12-17 23:54:45', '2025-12-17 23:54:45'),
(139, 32, 'ISELDA MORSOLIN FERREIRA', '(54) 9906-0791', NULL, NULL, 1, '2025-12-17 23:54:45', '2025-12-17 23:54:45'),
(140, 32, 'JOZIELI MARIANO', '(54) 98432-6525', NULL, NULL, 1, '2025-12-17 23:54:45', '2025-12-17 23:54:45'),
(141, 32, 'JULIANA TERRES', '(54) 99654-8057', NULL, NULL, 1, '2025-12-17 23:54:45', '2025-12-17 23:54:45'),
(142, 32, 'SIMONE MONTUANI', '(54) 99181-7647', NULL, NULL, 1, '2025-12-17 23:54:45', '2025-12-17 23:54:45'),
(143, 33, 'ANDERSON NAPP ROCHA', '(54) 3342-9414', NULL, NULL, 1, '2025-12-17 23:54:45', '2025-12-17 23:54:45'),
(144, 34, 'AUGUSTO ALVES BADOTTI', '(54) 3342-9426', NULL, NULL, 1, '2025-12-17 23:54:45', '2025-12-17 23:54:45'),
(145, 34, 'DIEGO COLLARES', '(54) 3342-9426', NULL, NULL, 1, '2025-12-17 23:54:45', '2025-12-17 23:54:45'),
(146, 34, 'EDER MENEGASSI MARTEL', '(54) 3342-9426', NULL, NULL, 1, '2025-12-17 23:54:45', '2025-12-17 23:54:45'),
(147, 34, 'LUCAS SCHIRMER MARTINS', '(54) 3342-9426', NULL, NULL, 1, '2025-12-17 23:54:45', '2025-12-17 23:54:45'),
(148, 34, 'MARCIO MEZZOMO', '(54) 3342-9426', NULL, NULL, 1, '2025-12-17 23:54:45', '2025-12-17 23:54:45'),
(149, 34, 'MARIO AUGUSTO DIAS', '(54) 3342-9426', NULL, NULL, 1, '2025-12-17 23:54:45', '2025-12-17 23:54:45'),
(150, 34, 'MATEUS BREITENBACH SCHERER', '(54) 3342-9426', NULL, NULL, 1, '2025-12-17 23:54:45', '2025-12-17 23:54:45'),
(151, 34, 'BRUNO ROSS', '(54) 3342-9426', NULL, NULL, 1, '2025-12-17 23:54:45', '2025-12-17 23:54:45'),
(152, 34, 'MARCELO CAMARGO DE ASSIS', '(54) 3342-9426', NULL, NULL, 1, '2025-12-17 23:54:45', '2025-12-17 23:54:45'),
(153, 34, 'JULIANO DOS SANTOS SUZIN', '(54) 3342-9426', NULL, NULL, 1, '2025-12-17 23:54:45', '2025-12-17 23:54:45'),
(154, 35, 'HENRIQUE ULGUIM PERIN', '(54) 3342-9414', NULL, NULL, 1, '2025-12-17 23:54:45', '2025-12-17 23:54:45'),
(155, 35, 'RODRIGO BALOTIN', '(54) 3342-9414', NULL, NULL, 1, '2025-12-17 23:54:45', '2025-12-17 23:54:45'),
(156, 35, 'MARCELO G JUSTOS (PREVENCARDIO)', '(54) 3342-2022', NULL, NULL, 1, '2025-12-17 23:54:45', '2025-12-17 23:54:45'),
(157, 36, 'HCR LAB', '(54) 3342-9428', NULL, NULL, 1, '2025-12-17 23:54:45', '2025-12-17 23:54:45'),
(158, 37, 'DIGITAL X RADIOLOGIA ODONTOLÓGICA', '(54) 99911-0680', NULL, NULL, 1, '2025-12-17 23:54:45', '2025-12-17 23:54:45'),
(159, 37, 'TOMOGRAFE RADIOLOGIA ODONTOLÓGICA', '(54) 3342-7858', NULL, NULL, 1, '2025-12-17 23:54:45', '2025-12-17 23:54:45'),
(160, 38, 'PRO AUDI', '(54) 99629-6891', NULL, NULL, 1, '2025-12-17 23:54:45', '2025-12-17 23:54:45'),
(161, 40, 'DIANA ZANIN', '(54) 99676-9681', NULL, NULL, 1, '2025-12-17 23:54:45', '2025-12-17 23:54:45'),
(162, 40, 'CENTRO CLÍNICO SINGULAR', '(54) 99652-3878', NULL, NULL, 1, '2025-12-17 23:54:45', '2025-12-17 23:54:45'),
(163, 39, 'CARMEM JANICE HOFFMANN - ESTAR CLINICA SAUDE INTEGRATIVA', '(54) 99914-0246', '', '', 1, '2025-12-17 23:58:01', '2025-12-17 23:58:01'),
(164, 41, 'CENTRO CLÍNICO SINGULAR', ' (54) 99652-3878', '', '', 1, '2025-12-17 23:58:46', '2025-12-17 23:58:46'),
(165, 28, 'RICARDO BICCA', '(54) 3342-9414', '', '', 1, '2025-12-17 23:59:52', '2025-12-17 23:59:52'),
(166, 28, 'CARLOS EDUARDO R GAVIOLI', '(54) 3342-5294', '', '', 1, '2025-12-18 00:00:20', '2025-12-18 00:00:20'),
(167, 28, 'EDUARDO N. MELLO FILHO', '(54) 8411-5294', '', '', 1, '2025-12-18 00:00:34', '2025-12-18 00:00:34'),
(168, 28, 'LUCIANE MIOZZO', ' (54) 3342-2022', '', '', 1, '2025-12-18 00:00:47', '2025-12-18 00:00:47'),
(169, 27, 'DYMAS ALBERTO BIASI', ' (54) 3342-9414', '', '', 1, '2025-12-18 00:01:32', '2025-12-18 00:01:32'),
(170, 27, 'KELEN CRISTINE FEDERIZZI', '(54) 3342-0713', '', '', 1, '2025-12-18 00:01:46', '2025-12-18 00:01:46'),
(171, 27, 'MARCIO CARNIELETTO', ' (54) 99124-8517', '', '', 1, '2025-12-18 00:02:01', '2025-12-18 00:02:01'),
(172, 27, 'AMANDA SANDRI', ' (54) 99253-0943', '', '', 1, '2025-12-18 00:02:14', '2025-12-18 00:02:14'),
(173, 27, 'THIAGO BONFANTI', ' (54) 3342-6923', '', '', 1, '2025-12-18 00:02:31', '2025-12-18 00:02:31'),
(174, 27, 'EDSON M DA FONTOURA', '54) 3342-2828', '', '', 1, '2025-12-18 00:02:46', '2025-12-18 00:02:46'),
(175, 15, 'ANAELI ROSSATO', ' (54) 99940-6101', '', '', 1, '2025-12-18 00:04:12', '2025-12-18 00:04:12'),
(176, 15, 'LETICIA KORB', ' (47) 9152-6130', '', '', 1, '2025-12-18 00:04:23', '2025-12-18 00:04:23'),
(177, 15, 'LUDIKA CENTRO DE DESENVOLVIMENTO HUMANO', '(54) 99965-0614', '', '', 1, '2025-12-18 00:04:41', '2025-12-18 00:04:41'),
(178, 15, 'THAIS DAGOSTIN', ' (54) 9100-5471', '', '', 1, '2025-12-18 00:04:52', '2025-12-18 00:04:52'),
(179, 15, 'CAMILE POLETTO - CENTRO CLINICO SINGULAR', '(54) 996523878', '', '', 1, '2025-12-18 00:05:04', '2025-12-18 00:05:04'),
(180, 15, 'CLÍNICA BEM CUIDAR SERVIÇOS DE SAÚDE LTDA', ' (54) 99677-6557', '', '', 1, '2025-12-18 00:05:14', '2025-12-18 00:05:14'),
(181, 7, 'JOÃO ISIDRO FRACASSO', ' (54) 3342-9414', '', '', 1, '2025-12-18 00:07:43', '2025-12-18 00:07:43'),
(182, 6, 'ALVARO GONÇALVES', ' (54) 3342-9414', '', '', 1, '2025-12-18 00:08:08', '2025-12-18 00:08:08'),
(183, 6, 'ANA CAROLINA CARNIELETTO', ' (54) 99124-8517', '', '', 1, '2025-12-18 00:08:19', '2025-12-18 00:08:19'),
(184, 6, 'GUILHERME GARCIA VIEIRA', ' (54) 3342-9414', '', '', 1, '2025-12-18 00:08:27', '2025-12-18 00:08:27'),
(185, 6, 'ANDRE HERMENEGILDO BORTOLINI', ' (54) 3342-1743', '', '', 1, '2025-12-18 00:08:38', '2025-12-18 00:08:38'),
(186, 6, 'DIEGO MATTIONI MATURANA', ' (54) 3342-9414', '', '', 1, '2025-12-18 00:08:47', '2025-12-18 00:08:47'),
(187, 6, 'RAFAELA LAZZARI PIETROSKI', ' (54) 3342-9414', '', '', 1, '2025-12-18 00:08:55', '2025-12-18 00:08:55'),
(188, 6, 'JOSÉ MARIA TITO', ' (54) 3342-9414', '', '', 1, '2025-12-18 00:09:04', '2025-12-18 00:09:04'),
(189, 6, 'MATHEO CASAGRANDE', ' (54) 99269-8006', '', '', 1, '2025-12-18 00:09:13', '2025-12-18 00:09:13'),
(190, 4, 'ANA CLAUDIA MARTINS FERREIRA', ' (54) 8167-5306', '', '', 1, '2025-12-18 00:09:37', '2025-12-18 00:09:37'),
(191, 2, 'JONATHAN RODRIGO LAUXEN', ' (54) 9176-8330', '', '', 1, '2025-12-18 00:10:06', '2025-12-18 00:10:06'),
(192, 2, 'DEBORA FERLIN', ' (54) 3342-3118', '', '', 1, '2025-12-18 00:10:14', '2025-12-18 00:10:14');

-- --------------------------------------------------------

--
-- Estrutura para tabela `usuarios`
--

CREATE TABLE `usuarios` (
  `id` int(11) NOT NULL,
  `username` varchar(100) NOT NULL,
  `password` varchar(255) NOT NULL,
  `email` varchar(100) NOT NULL,
  `status` enum('ativo','inativo') DEFAULT 'ativo',
  `created_at` timestamp NULL DEFAULT current_timestamp()
) ENGINE=InnoDB DEFAULT CHARSET=utf8mb4 COLLATE=utf8mb4_general_ci;

--
-- Despejando dados para a tabela `usuarios`
--

INSERT INTO `usuarios` (`id`, `username`, `password`, `email`, `status`, `created_at`) VALUES
(14, 'TI', '$2y$10$GXNsmFky9AxFKptJP9YYMOW8AFc4Mrbe8fkIsApmEzLjkivRQkvLe', 'ti@hcrmarau.com.br', 'ativo', '2025-01-10 20:55:18'),
(16, 'dariane', '$2y$10$4robQOJoK8ZefHmnrnGcz.JHMtyosoziMqeHRIMFHCwQn8PVVBauC', 'dariane@hcrmarau.com.br', 'ativo', '2025-01-10 20:56:34'),
(17, 'marlova', '$2y$10$JvxCkLiW8cL81RPN7Oou.ugr0ssWCKUOJg3WlmQalLSyLoK6yZBOe', 'hospicard@hcrmarau.com.br', 'ativo', '2025-03-25 18:39:02'),
(18, '1', '$2y$10$jdysEByy.NCHlsRKeppi9OvaTzxUfIxXhtiHK.202XM9Z3ur7STYK', '1@gmail.com', 'ativo', '2025-12-17 18:58:19'),
(19, 'TI HCR', '$2y$10$4DBNQw7dDP14JOld2RoSsuG/jO3UIVRgABfLcCxa1z4W0TnMHjysK', 'ti2@hcrmarau.com.br', 'ativo', '2025-12-18 22:08:59');

-- --------------------------------------------------------

--
-- Estrutura para tabela `visitas`
--

CREATE TABLE `visitas` (
  `id` int(11) NOT NULL,
  `data` date NOT NULL,
  `visitas` int(11) DEFAULT 0
) ENGINE=InnoDB DEFAULT CHARSET=utf8mb4 COLLATE=utf8mb4_general_ci;

--
-- Despejando dados para a tabela `visitas`
--

INSERT INTO `visitas` (`id`, `data`, `visitas`) VALUES
(2, '2025-01-10', 39),
(3, '2025-01-11', 39),
(4, '2025-01-12', 31),
(5, '2025-01-13', 64),
(6, '2025-01-14', 23),
(7, '2025-01-15', 16),
(8, '2025-01-16', 21),
(9, '2025-01-17', 15),
(10, '2025-01-18', 17),
(11, '2025-01-19', 14),
(12, '2025-01-20', 21),
(13, '2025-01-21', 72),
(14, '2025-01-22', 6),
(15, '2025-01-23', 9),
(16, '2025-01-24', 5),
(17, '2025-01-25', 9),
(18, '2025-01-26', 7),
(19, '2025-01-27', 3),
(20, '2025-01-28', 11),
(21, '2025-01-29', 37),
(22, '2025-01-30', 13),
(23, '2025-01-31', 7),
(24, '2025-02-01', 7),
(25, '2025-02-02', 4),
(26, '2025-02-03', 15),
(27, '2025-02-04', 14),
(28, '2025-02-05', 7),
(29, '2025-02-06', 7),
(30, '2025-02-07', 18),
(31, '2025-02-08', 14),
(32, '2025-02-09', 31),
(34, '2025-02-10', 18),
(35, '2025-02-11', 28),
(36, '2025-02-12', 13),
(37, '2025-02-13', 11),
(38, '2025-02-14', 55),
(39, '2025-02-15', 15),
(40, '2025-02-16', 13),
(41, '2025-02-17', 18),
(42, '2025-02-18', 9),
(43, '2025-02-19', 35),
(44, '2025-02-20', 6),
(45, '2025-02-21', 16),
(46, '2025-02-22', 7),
(47, '2025-02-23', 11),
(48, '2025-02-24', 19),
(49, '2025-02-25', 34),
(50, '2025-02-26', 14),
(51, '2025-02-27', 18),
(52, '2025-02-28', 12),
(53, '2025-03-01', 5),
(54, '2025-03-02', 10),
(55, '2025-03-03', 17),
(56, '2025-03-04', 19),
(57, '2025-03-05', 34),
(58, '2025-03-06', 49),
(59, '2025-03-07', 30),
(60, '2025-03-08', 27),
(61, '2025-03-09', 25),
(62, '2025-03-10', 51),
(63, '2025-03-11', 46),
(64, '2025-03-12', 48),
(65, '2025-03-13', 32),
(66, '2025-03-14', 50),
(67, '2025-03-15', 34),
(68, '2025-03-16', 18),
(69, '2025-03-17', 46),
(70, '2025-03-18', 28),
(71, '2025-03-19', 35),
(72, '2025-03-20', 28),
(73, '2025-03-21', 37),
(74, '2025-03-22', 22),
(75, '2025-03-23', 24),
(76, '2025-03-24', 19),
(77, '2025-03-25', 45),
(78, '2025-03-26', 28),
(79, '2025-03-27', 27),
(80, '2025-03-28', 32),
(81, '2025-03-29', 23),
(82, '2025-03-30', 19),
(83, '2025-03-31', 31),
(84, '2025-04-01', 43),
(85, '2025-04-02', 27),
(86, '2025-04-03', 39),
(87, '2025-04-04', 41),
(88, '2025-04-05', 1),
(89, '2025-04-07', 65),
(90, '2025-04-08', 30),
(91, '2025-04-09', 27),
(92, '2025-04-10', 32),
(93, '2025-04-11', 19),
(94, '2025-04-12', 27),
(95, '2025-04-13', 22),
(96, '2025-04-14', 24),
(97, '2025-04-15', 25),
(98, '2025-04-16', 31),
(99, '2025-04-17', 32),
(100, '2025-04-18', 18),
(101, '2025-04-19', 13),
(102, '2025-04-20', 15),
(103, '2025-04-21', 23),
(104, '2025-04-22', 39),
(105, '2025-04-23', 19),
(106, '2025-04-24', 31),
(107, '2025-04-25', 17),
(108, '2025-04-26', 19),
(109, '2025-04-27', 32),
(110, '2025-04-28', 38),
(111, '2025-04-29', 26),
(112, '2025-04-30', 16),
(113, '2025-05-01', 31),
(114, '2025-05-02', 18),
(115, '2025-05-03', 18),
(116, '2025-05-04', 25),
(117, '2025-05-05', 38),
(118, '2025-05-06', 31),
(119, '2025-05-07', 38),
(120, '2025-05-08', 17),
(121, '2025-05-09', 29),
(122, '2025-05-10', 12),
(123, '2025-05-11', 28),
(124, '2025-05-12', 33),
(125, '2025-05-13', 34),
(126, '2025-05-14', 28),
(127, '2025-05-15', 26),
(128, '2025-05-16', 27),
(129, '2025-05-17', 23),
(130, '2025-05-18', 25),
(131, '2025-05-19', 18),
(132, '2025-05-20', 47),
(133, '2025-05-21', 44),
(134, '2025-05-22', 24),
(135, '2025-05-23', 40),
(136, '2025-05-24', 19),
(137, '2025-05-25', 21),
(138, '2025-05-26', 33),
(139, '2025-05-27', 42),
(140, '2025-05-28', 37),
(141, '2025-05-29', 85),
(142, '2025-05-30', 42),
(143, '2025-05-31', 15),
(144, '2025-06-01', 35),
(145, '2025-06-02', 31),
(146, '2025-06-03', 36),
(147, '2025-06-04', 43),
(148, '2025-06-05', 27),
(149, '2025-06-06', 26),
(150, '2025-06-07', 24),
(151, '2025-06-08', 20),
(152, '2025-06-09', 38),
(153, '2025-06-10', 32),
(154, '2025-06-11', 23),
(155, '2025-06-12', 27),
(156, '2025-06-13', 15),
(157, '2025-06-14', 27),
(158, '2025-06-15', 17),
(159, '2025-06-16', 17),
(160, '2025-06-17', 35),
(161, '2025-06-18', 18),
(162, '2025-06-19', 22),
(163, '2025-06-20', 21),
(164, '2025-06-21', 10),
(165, '2025-06-22', 23),
(166, '2025-06-23', 15),
(167, '2025-06-24', 19),
(168, '2025-06-25', 21),
(169, '2025-06-26', 15),
(170, '2025-06-27', 19),
(171, '2025-06-28', 13),
(172, '2025-06-29', 8),
(173, '2025-06-30', 27),
(174, '2025-07-01', 25),
(175, '2025-07-02', 34),
(176, '2025-07-03', 18),
(177, '2025-07-04', 33),
(178, '2025-07-05', 22),
(179, '2025-07-06', 25),
(180, '2025-07-07', 47),
(181, '2025-07-08', 46),
(182, '2025-07-09', 30),
(183, '2025-07-10', 28),
(184, '2025-07-11', 18),
(185, '2025-07-12', 6),
(186, '2025-07-13', 20),
(187, '2025-07-14', 31),
(188, '2025-07-15', 26),
(189, '2025-07-16', 21),
(190, '2025-07-17', 19),
(191, '2025-07-18', 23),
(192, '2025-07-19', 11),
(193, '2025-07-20', 26),
(194, '2025-07-21', 38),
(195, '2025-07-22', 34),
(196, '2025-07-23', 26),
(197, '2025-07-24', 18),
(198, '2025-07-25', 19),
(199, '2025-07-26', 31),
(200, '2025-07-27', 18),
(201, '2025-07-28', 45),
(202, '2025-07-29', 39),
(203, '2025-07-30', 34),
(204, '2025-07-31', 35),
(205, '2025-08-01', 24),
(206, '2025-08-02', 15),
(207, '2025-08-03', 18),
(208, '2025-08-04', 31),
(209, '2025-08-05', 23),
(210, '2025-08-06', 25),
(211, '2025-08-07', 21),
(212, '2025-08-08', 14),
(213, '2025-08-09', 21),
(214, '2025-08-10', 12),
(215, '2025-08-11', 43),
(216, '2025-08-12', 21),
(217, '2025-08-13', 15),
(218, '2025-08-14', 30),
(219, '2025-08-15', 27),
(220, '2025-08-16', 15),
(222, '2025-08-17', 17),
(223, '2025-08-18', 20),
(224, '2025-08-19', 33),
(225, '2025-08-20', 16),
(226, '2025-08-21', 18),
(227, '2025-08-22', 27),
(228, '2025-08-23', 25),
(229, '2025-08-24', 9),
(230, '2025-08-25', 28),
(231, '2025-08-26', 30),
(232, '2025-08-27', 24),
(233, '2025-08-28', 21),
(234, '2025-08-29', 30),
(235, '2025-08-30', 11),
(236, '2025-08-31', 21),
(237, '2025-09-01', 36),
(238, '2025-09-02', 40),
(239, '2025-09-03', 48),
(240, '2025-09-04', 39),
(241, '2025-09-05', 26),
(242, '2025-09-06', 18),
(243, '2025-09-07', 21),
(244, '2025-09-08', 31),
(245, '2025-09-09', 22),
(246, '2025-09-10', 23),
(247, '2025-09-11', 28),
(248, '2025-09-12', 13),
(249, '2025-09-13', 21),
(250, '2025-09-14', 20),
(251, '2025-09-15', 35),
(252, '2025-09-16', 38),
(253, '2025-09-17', 34),
(254, '2025-09-18', 24),
(255, '2025-09-19', 24),
(256, '2025-09-20', 21),
(257, '2025-09-21', 14),
(258, '2025-09-22', 29),
(259, '2025-09-23', 38),
(260, '2025-09-24', 29),
(261, '2025-09-25', 23),
(262, '2025-09-26', 31),
(263, '2025-09-27', 21),
(264, '2025-09-28', 35),
(265, '2025-09-29', 42),
(266, '2025-09-30', 33),
(267, '2025-10-01', 22),
(268, '2025-10-02', 28),
(269, '2025-10-03', 29),
(270, '2025-10-04', 12),
(271, '2025-10-05', 22),
(272, '2025-10-06', 16),
(273, '2025-10-07', 29),
(274, '2025-10-08', 27),
(275, '2025-10-09', 19),
(276, '2025-10-10', 28),
(277, '2025-10-11', 17),
(278, '2025-10-12', 16),
(279, '2025-10-13', 32),
(280, '2025-10-14', 12),
(281, '2025-10-15', 20),
(282, '2025-10-16', 27),
(283, '2025-10-17', 21),
(284, '2025-10-18', 16),
(285, '2025-10-19', 17),
(286, '2025-10-20', 37),
(287, '2025-10-21', 19),
(288, '2025-10-22', 23),
(289, '2025-10-23', 52),
(290, '2025-10-24', 21),
(291, '2025-10-25', 10),
(292, '2025-10-26', 18),
(293, '2025-10-27', 25),
(294, '2025-10-28', 26),
(295, '2025-10-29', 27),
(296, '2025-10-30', 21),
(297, '2025-10-31', 29),
(298, '2025-11-01', 11),
(299, '2025-11-02', 15),
(300, '2025-11-03', 31),
(301, '2025-11-04', 29),
(302, '2025-11-05', 10),
(303, '2025-11-06', 25),
(304, '2025-11-07', 14),
(305, '2025-11-08', 12),
(306, '2025-11-09', 17),
(307, '2025-11-10', 15),
(308, '2025-11-11', 33),
(309, '2025-11-12', 23),
(310, '2025-11-13', 24),
(311, '2025-11-14', 26),
(312, '2025-11-15', 43),
(313, '2025-11-16', 27),
(314, '2025-11-17', 19),
(315, '2025-11-18', 27),
(316, '2025-11-19', 12),
(317, '2025-11-20', 14),
(318, '2025-11-21', 16),
(319, '2025-11-22', 16),
(320, '2025-11-23', 19),
(321, '2025-11-24', 25),
(322, '2025-11-25', 27),
(323, '2025-11-26', 25),
(324, '2025-11-27', 42),
(325, '2025-11-28', 36),
(326, '2025-11-29', 19),
(327, '2025-11-30', 37),
(328, '2025-12-01', 41),
(329, '2025-12-02', 37),
(330, '2025-12-03', 28),
(331, '2025-12-04', 41),
(332, '2025-12-05', 29),
(333, '2025-12-06', 14),
(334, '2025-12-07', 27),
(335, '2025-12-08', 28),
(336, '2025-12-09', 30),
(337, '2025-12-10', 40),
(338, '2025-12-11', 27),
(339, '2025-12-12', 40),
(340, '2025-12-13', 11),
(341, '2025-12-14', 11),
(342, '2025-12-15', 35),
(343, '2025-12-16', 31),
(344, '2025-12-17', 72),
(345, '2025-12-18', 5);

--
-- Índices para tabelas despejadas
--

--
-- Índices de tabela `clientes`
--
ALTER TABLE `clientes`
  ADD PRIMARY KEY (`id`);

--
-- Índices de tabela `especialidades`
--
ALTER TABLE `especialidades`
  ADD PRIMARY KEY (`id`),
  ADD UNIQUE KEY `slug` (`slug`),
  ADD KEY `idx_especialidade_slug` (`slug`),
  ADD KEY `idx_especialidade_ativo` (`ativo`);

--
-- Índices de tabela `profissionais`
--
ALTER TABLE `profissionais`
  ADD PRIMARY KEY (`id`),
  ADD KEY `idx_profissional_especialidade` (`especialidade_id`),
  ADD KEY `idx_profissional_ativo` (`ativo`);

--
-- Índices de tabela `usuarios`
--
ALTER TABLE `usuarios`
  ADD PRIMARY KEY (`id`),
  ADD UNIQUE KEY `username` (`username`),
  ADD UNIQUE KEY `email` (`email`);

--
-- Índices de tabela `visitas`
--
ALTER TABLE `visitas`
  ADD PRIMARY KEY (`id`),
  ADD UNIQUE KEY `data` (`data`);

--
-- AUTO_INCREMENT para tabelas despejadas
--

--
-- AUTO_INCREMENT de tabela `clientes`
--
ALTER TABLE `clientes`
  MODIFY `id` int(11) NOT NULL AUTO_INCREMENT, AUTO_INCREMENT=45;

--
-- AUTO_INCREMENT de tabela `especialidades`
--
ALTER TABLE `especialidades`
  MODIFY `id` int(11) NOT NULL AUTO_INCREMENT, AUTO_INCREMENT=43;

--
-- AUTO_INCREMENT de tabela `profissionais`
--
ALTER TABLE `profissionais`
  MODIFY `id` int(11) NOT NULL AUTO_INCREMENT, AUTO_INCREMENT=193;

--
-- AUTO_INCREMENT de tabela `usuarios`
--
ALTER TABLE `usuarios`
  MODIFY `id` int(11) NOT NULL AUTO_INCREMENT, AUTO_INCREMENT=20;

--
-- AUTO_INCREMENT de tabela `visitas`
--
ALTER TABLE `visitas`
  MODIFY `id` int(11) NOT NULL AUTO_INCREMENT, AUTO_INCREMENT=346;

--
-- Restrições para tabelas despejadas
--

--
-- Restrições para tabelas `profissionais`
--
ALTER TABLE `profissionais`
  ADD CONSTRAINT `profissionais_ibfk_1` FOREIGN KEY (`especialidade_id`) REFERENCES `especialidades` (`id`) ON DELETE CASCADE;
COMMIT;

/*!40101 SET CHARACTER_SET_CLIENT=@OLD_CHARACTER_SET_CLIENT */;
/*!40101 SET CHARACTER_SET_RESULTS=@OLD_CHARACTER_SET_RESULTS */;
/*!40101 SET COLLATION_CONNECTION=@OLD_COLLATION_CONNECTION */;
